{
	"info": {
		"_postman_id": "ea48b59b-9a06-4d17-a33d-37f54d88a72b",
		"name": "E01 Pracrica Guiada Validación",
		"schema": "https://schema.getpostman.com/json/collection/v2.1.0/collection.json"
	},
	"item": [
		{
			"name": "Eliminar Estación",
			"request": {
				"method": "DELETE",
				"header": [],
				"url": {
					"raw": "http://localhost:8080/estacionServicio/2",
					"protocol": "http",
					"host": [
						"localhost"
					],
					"port": "8080",
					"path": [
						"estacionServicio",
						"2"
					]
				}
			},
			"response": []
		},
		{
			"name": "Listar todos",
			"request": {
				"method": "GET",
				"header": [],
				"url": {
					"raw": "http://localhost:8080/estacionServicio/",
					"protocol": "http",
					"host": [
						"localhost"
					],
					"port": "8080",
					"path": [
						"estacionServicio",
						""
					]
				}
			},
			"response": []
		},
		{
			"name": "Mostrar por id",
			"request": {
				"method": "GET",
				"header": [],
				"url": {
					"raw": "http://localhost:8080/estacionServicio/1",
					"protocol": "http",
					"host": [
						"localhost"
					],
					"port": "8080",
					"path": [
						"estacionServicio",
						"1"
					]
				}
			},
			"response": []
		},
		{
			"name": "Crear Estación de Servicio",
			"request": {
				"method": "POST",
				"header": [],
				"body": {
					"mode": "raw",
					"raw": "{\r\n    \"nombre\": \"Gasolinera de prueba\",\r\n    \"marca\": \"Bp\",\r\n    \"ubicacion\": \"21223213213,231233\"\r\n\r\n}",
					"options": {
						"raw": {
							"language": "json"
						}
					}
				},
				"url": {
					"raw": "http://localhost:8080/estacionServicio/",
					"protocol": "http",
					"host": [
						"localhost"
					],
					"port": "8080",
					"path": [
						"estacionServicio",
						""
					]
				}
			},
			"response": []
		},
		{
			"name": "Crear Estación de Servicio Error",
			"request": {
				"method": "POST",
				"header": [],
				"body": {
					"mode": "raw",
					"raw": "{\r\n    \"nombre\": \"Gasolinera de prueba\",\r\n    \"marca\": \"Bp\",\r\n    \"ubicacion\": \"21223213213,231233\",\r\n    \"precioGasolina98\": -1.5634\r\n\r\n}",
					"options": {
						"raw": {
							"language": "json"
						}
					}
				},
				"url": {
					"raw": "http://localhost:8080/estacionServicio/",
					"protocol": "http",
					"host": [
						"localhost"
					],
					"port": "8080",
					"path": [
						"estacionServicio",
						""
					]
				}
			},
			"response": []
		},
		{
			"name": "Editar Estación de Servicio",
			"request": {
				"method": "PUT",
				"header": [],
				"body": {
					"mode": "raw",
					"raw": "{\r\n    \"nombre\": \"Gasolinera de prueba\",\r\n    \"marca\": \"Bp\",\r\n    \"ubicacion\": \"21223213213,231233\"\r\n\r\n}",
					"options": {
						"raw": {
							"language": "json"
						}
					}
				},
				"url": {
					"raw": "http://localhost:8080/estacionServicio/4",
					"protocol": "http",
					"host": [
						"localhost"
					],
					"port": "8080",
					"path": [
						"estacionServicio",
						"4"
					]
				}
			},
			"response": []
		},
		{
			"name": "Editar Estación de Servicio Erronea",
			"request": {
				"method": "PUT",
				"header": [],
				"body": {
					"mode": "raw",
					"raw": "{\r\n    \"nombre\": \"Gasolinera de prueba\",\r\n    \"marca\": \"Bp\",\r\n    \"ubicacion\": \"21223213213,231233\",\r\n    \"precioGasolina98\": -1.5634\r\n\r\n}",
					"options": {
						"raw": {
							"language": "json"
						}
					}
				},
				"url": {
					"raw": "http://localhost:8080/estacionServicio/4",
					"protocol": "http",
					"host": [
						"localhost"
					],
					"port": "8080",
					"path": [
						"estacionServicio",
						"4"
					]
				}
			},
			"response": []
		}
	]
}